028E253C-580E-444B-BAEF-E415970D3110#appfire#CommunicationGroupService#appfire#testproj.app.server.service.CommunicationGroupService#appfire#{"resourceMapping":"/CommunicationGroup","defaultMethodType":"","defaultContentType":""}#appfire#{"repository":{"fileName":"CommunicationGroupService.java","filePath":"testproj/src/main/java/testproj/app/server/service/CommunicationGroupService.java"},"implementInterface":[],"extendsClass":[],"repositories":[{"repository":{"fileName":"CommunicationGroupRepositoryImpl.java","filePath":"testproj/src/main/java/testproj/app/server/repository/CommunicationGroupRepositoryImpl.java"},"implementInterface":[{"fileName":"CommunicationGroupRepository.java","filePath":"testproj/src/main/java/testproj/app/server/repository/CommunicationGroupRepository.java"}],"extendsClass":[{"fileName":"SearchInterfaceImpl.java","filePath":"testproj/src/main/java/testproj/app/server/repository/SearchInterfaceImpl.java","isDisplay":false}],"entities":{"fileName":"CommunicationGroup.java","filePath":"testproj/src/main/java/testproj/app/shared/contacts/CommunicationGroup.java"}}]}#appfire#I#appfire#DO52BHRQM7AGD4AIR579A#appfire#EFB6696D-A332-4E61-9F38-2A01E4E690FE#appfire#1#appfire#\N#appfire#2015-12-19 05:42:16#appfire#\N#appfire#2015-12-19 05:42:16#appfire#1#appfire#1#appfire#460EFDE1-AD46-4A03-8900-A21F66680B86
045B6E47-4DE1-4F04-B205-C634D56B9A3C#appfire#PasswordAlgoService#appfire#testproj.app.server.service.PasswordAlgoService#appfire#{"resourceMapping":"/PasswordAlgo","defaultMethodType":"","defaultContentType":""}#appfire#{"repository":{"fileName":"PasswordAlgoService.java","filePath":"testproj/src/main/java/testproj/app/server/service/PasswordAlgoService.java"},"implementInterface":[],"extendsClass":[],"repositories":[{"repository":{"fileName":"PasswordAlgoRepositoryImpl.java","filePath":"testproj/src/main/java/testproj/app/server/repository/PasswordAlgoRepositoryImpl.java"},"implementInterface":[{"fileName":"PasswordAlgoRepository.java","filePath":"testproj/src/main/java/testproj/app/server/repository/PasswordAlgoRepository.java"}],"extendsClass":[{"fileName":"SearchInterfaceImpl.java","filePath":"testproj/src/main/java/testproj/app/server/repository/SearchInterfaceImpl.java","isDisplay":false}],"entities":{"fileName":"PasswordAlgo.java","filePath":"testproj/src/main/java/testproj/app/shared/authentication/PasswordAlgo.java"}}]}#appfire#I#appfire#DO52BHRQM7AGD4AIR579A#appfire#EFB6696D-A332-4E61-9F38-2A01E4E690FE#appfire#1#appfire#\N#appfire#2015-12-19 05:42:21#appfire#\N#appfire#2015-12-19 05:42:21#appfire#1#appfire#1#appfire#67F24F6F-6313-4268-A81A-2CB33E3482BD
06A20361-AACD-4501-AE12-077220477F40#appfire#VillageService#appfire#testproj.app.server.service.VillageService#appfire#{"resourceMapping":"/Village","defaultMethodType":"","defaultContentType":""}#appfire#{"repository":{"fileName":"VillageService.java","filePath":"testproj/src/main/java/testproj/app/server/service/VillageService.java"},"implementInterface":[],"extendsClass":[],"repositories":[{"repository":{"fileName":"VillageRepositoryImpl.java","filePath":"testproj/src/main/java/testproj/app/server/repository/VillageRepositoryImpl.java"},"implementInterface":[{"fileName":"VillageRepository.java","filePath":"testproj/src/main/java/testproj/app/server/repository/VillageRepository.java"}],"extendsClass":[{"fileName":"SearchInterfaceImpl.java","filePath":"testproj/src/main/java/testproj/app/server/repository/SearchInterfaceImpl.java","isDisplay":false}],"entities":{"fileName":"Village.java","filePath":"testproj/src/main/java/testproj/app/shared/location/Village.java"}}]}#appfire#I#appfire#DO52BHRQM7AGD4AIR579A#appfire#EFB6696D-A332-4E61-9F38-2A01E4E690FE#appfire#1#appfire#\N#appfire#2015-12-19 05:42:12#appfire#\N#appfire#2015-12-19 05:42:12#appfire#1#appfire#1#appfire#F10ACAFC-EF5B-4F26-8DA6-E34EEEECDA3A
1239E4E2-5453-49D8-80E3-541FEC082E66#appfire#DistrictService#appfire#testproj.app.server.service.DistrictService#appfire#{"resourceMapping":"/District","defaultMethodType":"","defaultContentType":""}#appfire#{"repository":{"fileName":"DistrictService.java","filePath":"testproj/src/main/java/testproj/app/server/service/DistrictService.java"},"implementInterface":[],"extendsClass":[],"repositories":[{"repository":{"fileName":"DistrictRepositoryImpl.java","filePath":"testproj/src/main/java/testproj/app/server/repository/DistrictRepositoryImpl.java"},"implementInterface":[{"fileName":"DistrictRepository.java","filePath":"testproj/src/main/java/testproj/app/server/repository/DistrictRepository.java"}],"extendsClass":[{"fileName":"SearchInterfaceImpl.java","filePath":"testproj/src/main/java/testproj/app/server/repository/SearchInterfaceImpl.java","isDisplay":false}],"entities":{"fileName":"District.java","filePath":"testproj/src/main/java/testproj/app/shared/location/District.java"}}]}#appfire#I#appfire#DO52BHRQM7AGD4AIR579A#appfire#EFB6696D-A332-4E61-9F38-2A01E4E690FE#appfire#1#appfire#\N#appfire#2015-12-19 05:42:08#appfire#\N#appfire#2015-12-19 05:42:08#appfire#1#appfire#1#appfire#E2B0098E-C1BD-4AC9-954F-0A98D05D7CAA
23125660-AD40-4F8A-AEEA-B638CF98228B#appfire#RegionService#appfire#testproj.app.server.service.RegionService#appfire#{"resourceMapping":"/Region","defaultMethodType":"","defaultContentType":""}#appfire#{"repository":{"fileName":"RegionService.java","filePath":"testproj/src/main/java/testproj/app/server/service/RegionService.java"},"implementInterface":[],"extendsClass":[],"repositories":[{"repository":{"fileName":"RegionRepositoryImpl.java","filePath":"testproj/src/main/java/testproj/app/server/repository/RegionRepositoryImpl.java"},"implementInterface":[{"fileName":"RegionRepository.java","filePath":"testproj/src/main/java/testproj/app/server/repository/RegionRepository.java"}],"extendsClass":[{"fileName":"SearchInterfaceImpl.java","filePath":"testproj/src/main/java/testproj/app/server/repository/SearchInterfaceImpl.java","isDisplay":false}],"entities":{"fileName":"Region.java","filePath":"testproj/src/main/java/testproj/app/shared/location/Region.java"}}]}#appfire#I#appfire#DO52BHRQM7AGD4AIR579A#appfire#EFB6696D-A332-4E61-9F38-2A01E4E690FE#appfire#1#appfire#\N#appfire#2015-12-19 05:42:07#appfire#\N#appfire#2015-12-19 05:42:07#appfire#1#appfire#1#appfire#94EAC72F-99E2-4C8B-8C29-7A18CED70799
2A23CB05-CB1C-416E-9D97-2CAA7E855FF7#appfire#AppMenusService#appfire#testproj.app.server.service.AppMenusService#appfire#{"resourceMapping":"/AppMenus","defaultMethodType":"","defaultContentType":""}#appfire#{"repository":{"fileName":"AppMenusService.java","filePath":"testproj/src/main/java/testproj/app/server/service/AppMenusService.java"},"implementInterface":[],"extendsClass":[],"repositories":[{"repository":{"fileName":"AppMenusRepositoryImpl.java","filePath":"testproj/src/main/java/testproj/app/server/repository/AppMenusRepositoryImpl.java"},"implementInterface":[{"fileName":"AppMenusRepository.java","filePath":"testproj/src/main/java/testproj/app/server/repository/AppMenusRepository.java"}],"extendsClass":[{"fileName":"SearchInterfaceImpl.java","filePath":"testproj/src/main/java/testproj/app/server/repository/SearchInterfaceImpl.java","isDisplay":false}],"entities":{"fileName":"AppMenus.java","filePath":"testproj/src/main/java/testproj/app/shared/authorization/AppMenus.java"}}]}#appfire#I#appfire#DO52BHRQM7AGD4AIR579A#appfire#EFB6696D-A332-4E61-9F38-2A01E4E690FE#appfire#1#appfire#\N#appfire#2015-12-19 05:42:33#appfire#\N#appfire#2015-12-19 05:42:33#appfire#1#appfire#1#appfire#20DB27DA-DAA6-4E0D-BFA5-AFAA85EB8262
2EB6F874-6EEC-45CA-9E58-60B5B9516CFC#appfire#AppCustomerService#appfire#testproj.app.server.service.AppCustomerService#appfire#{"resourceMapping":"/AppCustomer","defaultMethodType":"","defaultContentType":""}#appfire#{"repository":{"fileName":"AppCustomerService.java","filePath":"testproj/src/main/java/testproj/app/server/service/AppCustomerService.java"},"implementInterface":[],"extendsClass":[],"repositories":[{"repository":{"fileName":"AppCustomerRepositoryImpl.java","filePath":"testproj/src/main/java/testproj/app/server/repository/AppCustomerRepositoryImpl.java"},"implementInterface":[{"fileName":"AppCustomerRepository.java","filePath":"testproj/src/main/java/testproj/app/server/repository/AppCustomerRepository.java"}],"extendsClass":[{"fileName":"SearchInterfaceImpl.java","filePath":"testproj/src/main/java/testproj/app/server/repository/SearchInterfaceImpl.java","isDisplay":false}],"entities":{"fileName":"AppCustomer.java","filePath":"testproj/src/main/java/testproj/app/shared/customers/AppCustomer.java"}}]}#appfire#I#appfire#DO52BHRQM7AGD4AIR579A#appfire#EFB6696D-A332-4E61-9F38-2A01E4E690FE#appfire#1#appfire#\N#appfire#2015-12-19 05:42:38#appfire#\N#appfire#2015-12-19 05:42:38#appfire#1#appfire#1#appfire#D07E40E3-7BD8-4E92-B7FB-E6484DE0F692
351DDE1F-94A7-4E78-A355-BCA2DDF54250#appfire#QuestionService#appfire#testproj.app.server.service.QuestionService#appfire#{"resourceMapping":"/Question","defaultMethodType":"","defaultContentType":""}#appfire#{"repository":{"fileName":"QuestionService.java","filePath":"testproj/src/main/java/testproj/app/server/service/QuestionService.java"},"implementInterface":[],"extendsClass":[],"repositories":[{"repository":{"fileName":"QuestionRepositoryImpl.java","filePath":"testproj/src/main/java/testproj/app/server/repository/QuestionRepositoryImpl.java"},"implementInterface":[{"fileName":"QuestionRepository.java","filePath":"testproj/src/main/java/testproj/app/server/repository/QuestionRepository.java"}],"extendsClass":[{"fileName":"SearchInterfaceImpl.java","filePath":"testproj/src/main/java/testproj/app/server/repository/SearchInterfaceImpl.java","isDisplay":false}],"entities":{"fileName":"Question.java","filePath":"testproj/src/main/java/testproj/app/shared/authentication/Question.java"}}]}#appfire#I#appfire#DO52BHRQM7AGD4AIR579A#appfire#EFB6696D-A332-4E61-9F38-2A01E4E690FE#appfire#1#appfire#\N#appfire#2015-12-19 05:42:22#appfire#\N#appfire#2015-12-19 05:42:22#appfire#1#appfire#1#appfire#F7160B13-8DC0-4A67-B1D5-A4003EC789E5
609650EF-2FCF-444A-963D-0697D7DFCD5F#appfire#LoginService#appfire#testproj.app.server.service.LoginService#appfire#{"resourceMapping":"/Login","defaultMethodType":"","defaultContentType":""}#appfire#{"repository":{"fileName":"LoginService.java","filePath":"testproj/src/main/java/testproj/app/server/service/LoginService.java"},"implementInterface":[],"extendsClass":[],"repositories":[{"repository":{"fileName":"LoginRepositoryImpl.java","filePath":"testproj/src/main/java/testproj/app/server/repository/LoginRepositoryImpl.java"},"implementInterface":[{"fileName":"LoginRepository.java","filePath":"testproj/src/main/java/testproj/app/server/repository/LoginRepository.java"}],"extendsClass":[{"fileName":"SearchInterfaceImpl.java","filePath":"testproj/src/main/java/testproj/app/server/repository/SearchInterfaceImpl.java","isDisplay":false}],"entities":{"fileName":"Login.java","filePath":"testproj/src/main/java/testproj/app/shared/authentication/Login.java"}}]}#appfire#I#appfire#DO52BHRQM7AGD4AIR579A#appfire#EFB6696D-A332-4E61-9F38-2A01E4E690FE#appfire#1#appfire#\N#appfire#2015-12-19 05:42:27#appfire#\N#appfire#2015-12-19 05:42:27#appfire#1#appfire#1#appfire#073BB466-8F9B-4B44-9CAA-E17F56C62774
61D9A27A-BCFE-4156-97E1-47AA08C0E4F5#appfire#AddressService#appfire#testproj.app.server.service.AddressService#appfire#{"resourceMapping":"/Address","defaultMethodType":"","defaultContentType":""}#appfire#{"repository":{"fileName":"AddressService.java","filePath":"testproj/src/main/java/testproj/app/server/service/AddressService.java"},"implementInterface":[],"extendsClass":[],"repositories":[{"repository":{"fileName":"AddressRepositoryImpl.java","filePath":"testproj/src/main/java/testproj/app/server/repository/AddressRepositoryImpl.java"},"implementInterface":[{"fileName":"AddressRepository.java","filePath":"testproj/src/main/java/testproj/app/server/repository/AddressRepository.java"}],"extendsClass":[{"fileName":"SearchInterfaceImpl.java","filePath":"testproj/src/main/java/testproj/app/server/repository/SearchInterfaceImpl.java","isDisplay":false}],"entities":{"fileName":"Address.java","filePath":"testproj/src/main/java/testproj/app/shared/location/Address.java"}}]}#appfire#I#appfire#DO52BHRQM7AGD4AIR579A#appfire#EFB6696D-A332-4E61-9F38-2A01E4E690FE#appfire#1#appfire#\N#appfire#2015-12-19 05:42:14#appfire#\N#appfire#2015-12-19 05:42:14#appfire#1#appfire#1#appfire#669782A0-8E42-438E-AEC4-DC309F920391
69716745-4236-4413-83FD-465002F9D9DF#appfire#LanguageService#appfire#testproj.app.server.service.LanguageService#appfire#{"resourceMapping":"/Language","defaultMethodType":"","defaultContentType":""}#appfire#{"repository":{"fileName":"LanguageService.java","filePath":"testproj/src/main/java/testproj/app/server/service/LanguageService.java"},"implementInterface":[],"extendsClass":[],"repositories":[{"repository":{"fileName":"LanguageRepositoryImpl.java","filePath":"testproj/src/main/java/testproj/app/server/repository/LanguageRepositoryImpl.java"},"implementInterface":[{"fileName":"LanguageRepository.java","filePath":"testproj/src/main/java/testproj/app/server/repository/LanguageRepository.java"}],"extendsClass":[{"fileName":"SearchInterfaceImpl.java","filePath":"testproj/src/main/java/testproj/app/server/repository/SearchInterfaceImpl.java","isDisplay":false}],"entities":{"fileName":"Language.java","filePath":"testproj/src/main/java/testproj/app/shared/location/Language.java"}}]}#appfire#I#appfire#DO52BHRQM7AGD4AIR579A#appfire#EFB6696D-A332-4E61-9F38-2A01E4E690FE#appfire#1#appfire#\N#appfire#2015-12-19 05:42:05#appfire#\N#appfire#2015-12-19 05:42:05#appfire#1#appfire#1#appfire#35747B66-631F-4803-8E39-699A5DC33273
728EC453-F0F8-4D3C-B139-CFB5AFC7547F#appfire#AppCustomerCategoryService#appfire#testproj.app.server.service.AppCustomerCategoryService#appfire#{"resourceMapping":"/AppCustomerCategory","defaultMethodType":"","defaultContentType":""}#appfire#{"repository":{"fileName":"AppCustomerCategoryService.java","filePath":"testproj/src/main/java/testproj/app/server/service/AppCustomerCategoryService.java"},"implementInterface":[],"extendsClass":[],"repositories":[{"repository":{"fileName":"AppCustomerCategoryRepositoryImpl.java","filePath":"testproj/src/main/java/testproj/app/server/repository/AppCustomerCategoryRepositoryImpl.java"},"implementInterface":[{"fileName":"AppCustomerCategoryRepository.java","filePath":"testproj/src/main/java/testproj/app/server/repository/AppCustomerCategoryRepository.java"}],"extendsClass":[{"fileName":"SearchInterfaceImpl.java","filePath":"testproj/src/main/java/testproj/app/server/repository/SearchInterfaceImpl.java","isDisplay":false}],"entities":{"fileName":"AppCustomerCategory.java","filePath":"testproj/src/main/java/testproj/app/shared/customers/AppCustomerCategory.java"}}]}#appfire#I#appfire#DO52BHRQM7AGD4AIR579A#appfire#EFB6696D-A332-4E61-9F38-2A01E4E690FE#appfire#1#appfire#\N#appfire#2015-12-19 05:42:37#appfire#\N#appfire#2015-12-19 05:42:37#appfire#1#appfire#1#appfire#9EC674A2-ED2F-4F50-9519-A16445D75A0A
7519E04D-9503-4762-9AB8-9E4910F1A1F0#appfire#UserAccessLevelService#appfire#testproj.app.server.service.UserAccessLevelService#appfire#{"resourceMapping":"/UserAccessLevel","defaultMethodType":"","defaultContentType":""}#appfire#{"repository":{"fileName":"UserAccessLevelService.java","filePath":"testproj/src/main/java/testproj/app/server/service/UserAccessLevelService.java"},"implementInterface":[],"extendsClass":[],"repositories":[{"repository":{"fileName":"UserAccessLevelRepositoryImpl.java","filePath":"testproj/src/main/java/testproj/app/server/repository/UserAccessLevelRepositoryImpl.java"},"implementInterface":[{"fileName":"UserAccessLevelRepository.java","filePath":"testproj/src/main/java/testproj/app/server/repository/UserAccessLevelRepository.java"}],"extendsClass":[{"fileName":"SearchInterfaceImpl.java","filePath":"testproj/src/main/java/testproj/app/server/repository/SearchInterfaceImpl.java","isDisplay":false}],"entities":{"fileName":"UserAccessLevel.java","filePath":"testproj/src/main/java/testproj/app/shared/authentication/UserAccessLevel.java"}}]}#appfire#I#appfire#DO52BHRQM7AGD4AIR579A#appfire#EFB6696D-A332-4E61-9F38-2A01E4E690FE#appfire#1#appfire#\N#appfire#2015-12-19 05:42:22#appfire#\N#appfire#2015-12-19 05:42:22#appfire#1#appfire#1#appfire#9DB2A05B-B23D-4B47-8E0B-124988AB0264
7CEF382E-64AE-46FD-AE6F-E3C82ECAC537#appfire#RolesService#appfire#testproj.app.server.service.RolesService#appfire#{"resourceMapping":"/Roles","defaultMethodType":"","defaultContentType":""}#appfire#{"repository":{"fileName":"RolesService.java","filePath":"testproj/src/main/java/testproj/app/server/service/RolesService.java"},"implementInterface":[],"extendsClass":[],"repositories":[{"repository":{"fileName":"RolesRepositoryImpl.java","filePath":"testproj/src/main/java/testproj/app/server/repository/RolesRepositoryImpl.java"},"implementInterface":[{"fileName":"RolesRepository.java","filePath":"testproj/src/main/java/testproj/app/server/repository/RolesRepository.java"}],"extendsClass":[{"fileName":"SearchInterfaceImpl.java","filePath":"testproj/src/main/java/testproj/app/server/repository/SearchInterfaceImpl.java","isDisplay":false}],"entities":{"fileName":"Roles.java","filePath":"testproj/src/main/java/testproj/app/shared/authorization/Roles.java"}}]}#appfire#I#appfire#DO52BHRQM7AGD4AIR579A#appfire#EFB6696D-A332-4E61-9F38-2A01E4E690FE#appfire#1#appfire#\N#appfire#2015-12-19 05:42:32#appfire#\N#appfire#2015-12-19 05:42:32#appfire#1#appfire#1#appfire#5119B5A6-CEF9-4D62-ACEA-A95ED9D5305B
806115B3-7EF5-4527-A409-809FAFFF9022#appfire#ContactTypeService#appfire#testproj.app.server.service.ContactTypeService#appfire#{"resourceMapping":"/ContactType","defaultMethodType":"","defaultContentType":""}#appfire#{"repository":{"fileName":"ContactTypeService.java","filePath":"testproj/src/main/java/testproj/app/server/service/ContactTypeService.java"},"implementInterface":[],"extendsClass":[],"repositories":[{"repository":{"fileName":"ContactTypeRepositoryImpl.java","filePath":"testproj/src/main/java/testproj/app/server/repository/ContactTypeRepositoryImpl.java"},"implementInterface":[{"fileName":"ContactTypeRepository.java","filePath":"testproj/src/main/java/testproj/app/server/repository/ContactTypeRepository.java"}],"extendsClass":[{"fileName":"SearchInterfaceImpl.java","filePath":"testproj/src/main/java/testproj/app/server/repository/SearchInterfaceImpl.java","isDisplay":false}],"entities":{"fileName":"ContactType.java","filePath":"testproj/src/main/java/testproj/app/shared/contacts/ContactType.java"}}]}#appfire#I#appfire#DO52BHRQM7AGD4AIR579A#appfire#EFB6696D-A332-4E61-9F38-2A01E4E690FE#appfire#1#appfire#\N#appfire#2015-12-19 05:42:16#appfire#\N#appfire#2015-12-19 05:42:16#appfire#1#appfire#1#appfire#DFD38B62-B48E-4B7A-8F23-8BE459301BCC
83B43FBA-86EC-4637-AF79-0FC4CFF95DB5#appfire#TimezoneService#appfire#testproj.app.server.service.TimezoneService#appfire#{"resourceMapping":"/Timezone","defaultMethodType":"","defaultContentType":""}#appfire#{"repository":{"fileName":"TimezoneService.java","filePath":"testproj/src/main/java/testproj/app/server/service/TimezoneService.java"},"implementInterface":[],"extendsClass":[],"repositories":[{"repository":{"fileName":"TimezoneRepositoryImpl.java","filePath":"testproj/src/main/java/testproj/app/server/repository/TimezoneRepositoryImpl.java"},"implementInterface":[{"fileName":"TimezoneRepository.java","filePath":"testproj/src/main/java/testproj/app/server/repository/TimezoneRepository.java"}],"extendsClass":[{"fileName":"SearchInterfaceImpl.java","filePath":"testproj/src/main/java/testproj/app/server/repository/SearchInterfaceImpl.java","isDisplay":false}],"entities":{"fileName":"Timezone.java","filePath":"testproj/src/main/java/testproj/app/shared/location/Timezone.java"}}]}#appfire#I#appfire#DO52BHRQM7AGD4AIR579A#appfire#EFB6696D-A332-4E61-9F38-2A01E4E690FE#appfire#1#appfire#\N#appfire#2015-12-19 05:42:05#appfire#\N#appfire#2015-12-19 05:42:05#appfire#1#appfire#1#appfire#332E7D41-470F-427F-9F45-2379788E2E29
8491CF1A-4FB3-4F5E-A752-5033A75D5363#appfire#TalukaService#appfire#testproj.app.server.service.TalukaService#appfire#{"resourceMapping":"/Taluka","defaultMethodType":"","defaultContentType":""}#appfire#{"repository":{"fileName":"TalukaService.java","filePath":"testproj/src/main/java/testproj/app/server/service/TalukaService.java"},"implementInterface":[],"extendsClass":[],"repositories":[{"repository":{"fileName":"TalukaRepositoryImpl.java","filePath":"testproj/src/main/java/testproj/app/server/repository/TalukaRepositoryImpl.java"},"implementInterface":[{"fileName":"TalukaRepository.java","filePath":"testproj/src/main/java/testproj/app/server/repository/TalukaRepository.java"}],"extendsClass":[{"fileName":"SearchInterfaceImpl.java","filePath":"testproj/src/main/java/testproj/app/server/repository/SearchInterfaceImpl.java","isDisplay":false}],"entities":{"fileName":"Taluka.java","filePath":"testproj/src/main/java/testproj/app/shared/location/Taluka.java"}}]}#appfire#I#appfire#DO52BHRQM7AGD4AIR579A#appfire#EFB6696D-A332-4E61-9F38-2A01E4E690FE#appfire#1#appfire#\N#appfire#2015-12-19 05:42:10#appfire#\N#appfire#2015-12-19 05:42:10#appfire#1#appfire#1#appfire#604E0ADE-25FC-4743-B052-82D15F279D90
98AC8480-E7C5-4FC2-8D8B-BB48E355FF15#appfire#PasswordPolicyService#appfire#testproj.app.server.service.PasswordPolicyService#appfire#{"resourceMapping":"/PasswordPolicy","defaultMethodType":"","defaultContentType":""}#appfire#{"repository":{"fileName":"PasswordPolicyService.java","filePath":"testproj/src/main/java/testproj/app/server/service/PasswordPolicyService.java"},"implementInterface":[],"extendsClass":[],"repositories":[{"repository":{"fileName":"PasswordPolicyRepositoryImpl.java","filePath":"testproj/src/main/java/testproj/app/server/repository/PasswordPolicyRepositoryImpl.java"},"implementInterface":[{"fileName":"PasswordPolicyRepository.java","filePath":"testproj/src/main/java/testproj/app/server/repository/PasswordPolicyRepository.java"}],"extendsClass":[{"fileName":"SearchInterfaceImpl.java","filePath":"testproj/src/main/java/testproj/app/server/repository/SearchInterfaceImpl.java","isDisplay":false}],"entities":{"fileName":"PasswordPolicy.java","filePath":"testproj/src/main/java/testproj/app/shared/authentication/PasswordPolicy.java"}}]}#appfire#I#appfire#DO52BHRQM7AGD4AIR579A#appfire#EFB6696D-A332-4E61-9F38-2A01E4E690FE#appfire#1#appfire#\N#appfire#2015-12-19 05:42:22#appfire#\N#appfire#2015-12-19 05:42:22#appfire#1#appfire#1#appfire#B728F768-B5EE-4400-9E37-3FCBC2E2B363
A68C77B5-832B-4A9E-9EE7-A7818CC29ABD#appfire#StateService#appfire#testproj.app.server.service.StateService#appfire#{"resourceMapping":"/State","defaultMethodType":"","defaultContentType":""}#appfire#{"repository":{"fileName":"StateService.java","filePath":"testproj/src/main/java/testproj/app/server/service/StateService.java"},"implementInterface":[],"extendsClass":[],"repositories":[{"repository":{"fileName":"StateRepositoryImpl.java","filePath":"testproj/src/main/java/testproj/app/server/repository/StateRepositoryImpl.java"},"implementInterface":[{"fileName":"StateRepository.java","filePath":"testproj/src/main/java/testproj/app/server/repository/StateRepository.java"}],"extendsClass":[{"fileName":"SearchInterfaceImpl.java","filePath":"testproj/src/main/java/testproj/app/server/repository/SearchInterfaceImpl.java","isDisplay":false}],"entities":{"fileName":"State.java","filePath":"testproj/src/main/java/testproj/app/shared/location/State.java"}}]}#appfire#I#appfire#DO52BHRQM7AGD4AIR579A#appfire#EFB6696D-A332-4E61-9F38-2A01E4E690FE#appfire#1#appfire#\N#appfire#2015-12-19 05:42:07#appfire#\N#appfire#2015-12-19 05:42:07#appfire#1#appfire#1#appfire#B969A361-9062-40E7-ACD6-3811535F4DCA
AA41858E-A0F4-48AD-94BD-16A90888EB6E#appfire#GenderService#appfire#testproj.app.server.service.GenderService#appfire#{"resourceMapping":"/Gender","defaultMethodType":"","defaultContentType":""}#appfire#{"repository":{"fileName":"GenderService.java","filePath":"testproj/src/main/java/testproj/app/server/service/GenderService.java"},"implementInterface":[],"extendsClass":[],"repositories":[{"repository":{"fileName":"GenderRepositoryImpl.java","filePath":"testproj/src/main/java/testproj/app/server/repository/GenderRepositoryImpl.java"},"implementInterface":[{"fileName":"GenderRepository.java","filePath":"testproj/src/main/java/testproj/app/server/repository/GenderRepository.java"}],"extendsClass":[{"fileName":"SearchInterfaceImpl.java","filePath":"testproj/src/main/java/testproj/app/server/repository/SearchInterfaceImpl.java","isDisplay":false}],"entities":{"fileName":"Gender.java","filePath":"testproj/src/main/java/testproj/app/shared/contacts/Gender.java"}}]}#appfire#I#appfire#DO52BHRQM7AGD4AIR579A#appfire#EFB6696D-A332-4E61-9F38-2A01E4E690FE#appfire#1#appfire#\N#appfire#2015-12-19 05:42:17#appfire#\N#appfire#2015-12-19 05:42:17#appfire#1#appfire#1#appfire#F5788ED8-25C8-45F8-9930-C92A665EBFCB
C2948CCB-C31A-4A07-9799-647D06079621#appfire#TitleService#appfire#testproj.app.server.service.TitleService#appfire#{"resourceMapping":"/Title","defaultMethodType":"","defaultContentType":""}#appfire#{"repository":{"fileName":"TitleService.java","filePath":"testproj/src/main/java/testproj/app/server/service/TitleService.java"},"implementInterface":[],"extendsClass":[],"repositories":[{"repository":{"fileName":"TitleRepositoryImpl.java","filePath":"testproj/src/main/java/testproj/app/server/repository/TitleRepositoryImpl.java"},"implementInterface":[{"fileName":"TitleRepository.java","filePath":"testproj/src/main/java/testproj/app/server/repository/TitleRepository.java"}],"extendsClass":[{"fileName":"SearchInterfaceImpl.java","filePath":"testproj/src/main/java/testproj/app/server/repository/SearchInterfaceImpl.java","isDisplay":false}],"entities":{"fileName":"Title.java","filePath":"testproj/src/main/java/testproj/app/shared/contacts/Title.java"}}]}#appfire#I#appfire#DO52BHRQM7AGD4AIR579A#appfire#EFB6696D-A332-4E61-9F38-2A01E4E690FE#appfire#1#appfire#\N#appfire#2015-12-19 05:42:17#appfire#\N#appfire#2015-12-19 05:42:17#appfire#1#appfire#1#appfire#59A673E9-2E41-4504-9245-FAF393660E2D
CE54690D-8E18-40B1-BE85-163B99F604FB#appfire#CurrencyService#appfire#testproj.app.server.service.CurrencyService#appfire#{"resourceMapping":"/Currency","defaultMethodType":"","defaultContentType":""}#appfire#{"repository":{"fileName":"CurrencyService.java","filePath":"testproj/src/main/java/testproj/app/server/service/CurrencyService.java"},"implementInterface":[],"extendsClass":[],"repositories":[{"repository":{"fileName":"CurrencyRepositoryImpl.java","filePath":"testproj/src/main/java/testproj/app/server/repository/CurrencyRepositoryImpl.java"},"implementInterface":[{"fileName":"CurrencyRepository.java","filePath":"testproj/src/main/java/testproj/app/server/repository/CurrencyRepository.java"}],"extendsClass":[{"fileName":"SearchInterfaceImpl.java","filePath":"testproj/src/main/java/testproj/app/server/repository/SearchInterfaceImpl.java","isDisplay":false}],"entities":{"fileName":"Currency.java","filePath":"testproj/src/main/java/testproj/app/shared/location/Currency.java"}}]}#appfire#I#appfire#DO52BHRQM7AGD4AIR579A#appfire#EFB6696D-A332-4E61-9F38-2A01E4E690FE#appfire#1#appfire#\N#appfire#2015-12-19 05:42:06#appfire#\N#appfire#2015-12-19 05:42:06#appfire#1#appfire#1#appfire#69231F27-06D4-473E-A03B-6C677216AAC5
D11CAD0C-B1D4-48A1-BEF6-AA0420324F19#appfire#CommunicationTypeService#appfire#testproj.app.server.service.CommunicationTypeService#appfire#{"resourceMapping":"/CommunicationType","defaultMethodType":"","defaultContentType":""}#appfire#{"repository":{"fileName":"CommunicationTypeService.java","filePath":"testproj/src/main/java/testproj/app/server/service/CommunicationTypeService.java"},"implementInterface":[],"extendsClass":[],"repositories":[{"repository":{"fileName":"CommunicationTypeRepositoryImpl.java","filePath":"testproj/src/main/java/testproj/app/server/repository/CommunicationTypeRepositoryImpl.java"},"implementInterface":[{"fileName":"CommunicationTypeRepository.java","filePath":"testproj/src/main/java/testproj/app/server/repository/CommunicationTypeRepository.java"}],"extendsClass":[{"fileName":"SearchInterfaceImpl.java","filePath":"testproj/src/main/java/testproj/app/server/repository/SearchInterfaceImpl.java","isDisplay":false}],"entities":{"fileName":"CommunicationType.java","filePath":"testproj/src/main/java/testproj/app/shared/contacts/CommunicationType.java"}}]}#appfire#I#appfire#DO52BHRQM7AGD4AIR579A#appfire#EFB6696D-A332-4E61-9F38-2A01E4E690FE#appfire#1#appfire#\N#appfire#2015-12-19 05:42:17#appfire#\N#appfire#2015-12-19 05:42:17#appfire#1#appfire#1#appfire#E023D74B-364F-4C1E-8DBA-AFE42BC5D46B
D300E6E2-179A-442C-B814-FD9AAB3F27F9#appfire#CoreContactsService#appfire#testproj.app.server.service.CoreContactsService#appfire#{"resourceMapping":"/CoreContacts","defaultMethodType":"","defaultContentType":""}#appfire#{"repository":{"fileName":"CoreContactsService.java","filePath":"testproj/src/main/java/testproj/app/server/service/CoreContactsService.java"},"implementInterface":[],"extendsClass":[],"repositories":[{"repository":{"fileName":"CoreContactsRepositoryImpl.java","filePath":"testproj/src/main/java/testproj/app/server/repository/CoreContactsRepositoryImpl.java"},"implementInterface":[{"fileName":"CoreContactsRepository.java","filePath":"testproj/src/main/java/testproj/app/server/repository/CoreContactsRepository.java"}],"extendsClass":[{"fileName":"SearchInterfaceImpl.java","filePath":"testproj/src/main/java/testproj/app/server/repository/SearchInterfaceImpl.java","isDisplay":false}],"entities":{"fileName":"CoreContacts.java","filePath":"testproj/src/main/java/testproj/app/shared/contacts/CoreContacts.java"}}]}#appfire#I#appfire#DO52BHRQM7AGD4AIR579A#appfire#EFB6696D-A332-4E61-9F38-2A01E4E690FE#appfire#1#appfire#\N#appfire#2015-12-19 05:42:19#appfire#\N#appfire#2015-12-19 05:42:19#appfire#1#appfire#1#appfire#1AA0F731-7020-4ABA-BBA7-B86DBE541433
D9A5299C-58C1-4CE2-A319-2DF99DADA55A#appfire#AppCustomerTypeService#appfire#testproj.app.server.service.AppCustomerTypeService#appfire#{"resourceMapping":"/AppCustomerType","defaultMethodType":"","defaultContentType":""}#appfire#{"repository":{"fileName":"AppCustomerTypeService.java","filePath":"testproj/src/main/java/testproj/app/server/service/AppCustomerTypeService.java"},"implementInterface":[],"extendsClass":[],"repositories":[{"repository":{"fileName":"AppCustomerTypeRepositoryImpl.java","filePath":"testproj/src/main/java/testproj/app/server/repository/AppCustomerTypeRepositoryImpl.java"},"implementInterface":[{"fileName":"AppCustomerTypeRepository.java","filePath":"testproj/src/main/java/testproj/app/server/repository/AppCustomerTypeRepository.java"}],"extendsClass":[{"fileName":"SearchInterfaceImpl.java","filePath":"testproj/src/main/java/testproj/app/server/repository/SearchInterfaceImpl.java","isDisplay":false}],"entities":{"fileName":"AppCustomerType.java","filePath":"testproj/src/main/java/testproj/app/shared/customers/AppCustomerType.java"}}]}#appfire#I#appfire#DO52BHRQM7AGD4AIR579A#appfire#EFB6696D-A332-4E61-9F38-2A01E4E690FE#appfire#1#appfire#\N#appfire#2015-12-19 05:42:36#appfire#\N#appfire#2015-12-19 05:42:36#appfire#1#appfire#1#appfire#BE6AF34E-E7D5-41A2-B852-6D8B54F5764A
DCA3DB71-2A53-4DF6-9179-BEABE2E7B869#appfire#AddressTypeService#appfire#testproj.app.server.service.AddressTypeService#appfire#{"resourceMapping":"/AddressType","defaultMethodType":"","defaultContentType":""}#appfire#{"repository":{"fileName":"AddressTypeService.java","filePath":"testproj/src/main/java/testproj/app/server/service/AddressTypeService.java"},"implementInterface":[],"extendsClass":[],"repositories":[{"repository":{"fileName":"AddressTypeRepositoryImpl.java","filePath":"testproj/src/main/java/testproj/app/server/repository/AddressTypeRepositoryImpl.java"},"implementInterface":[{"fileName":"AddressTypeRepository.java","filePath":"testproj/src/main/java/testproj/app/server/repository/AddressTypeRepository.java"}],"extendsClass":[{"fileName":"SearchInterfaceImpl.java","filePath":"testproj/src/main/java/testproj/app/server/repository/SearchInterfaceImpl.java","isDisplay":false}],"entities":{"fileName":"AddressType.java","filePath":"testproj/src/main/java/testproj/app/shared/location/AddressType.java"}}]}#appfire#I#appfire#DO52BHRQM7AGD4AIR579A#appfire#EFB6696D-A332-4E61-9F38-2A01E4E690FE#appfire#1#appfire#\N#appfire#2015-12-19 05:42:13#appfire#\N#appfire#2015-12-19 05:42:13#appfire#1#appfire#1#appfire#E11F6A17-F26A-4181-BF23-E84357BB86C6
E4054DC8-10EF-4C13-838C-1BA26E48EFB9#appfire#CountryService#appfire#testproj.app.server.service.CountryService#appfire#{"resourceMapping":"/Country","defaultMethodType":"","defaultContentType":""}#appfire#{"repository":{"fileName":"CountryService.java","filePath":"testproj/src/main/java/testproj/app/server/service/CountryService.java"},"implementInterface":[],"extendsClass":[],"repositories":[{"repository":{"fileName":"CountryRepositoryImpl.java","filePath":"testproj/src/main/java/testproj/app/server/repository/CountryRepositoryImpl.java"},"implementInterface":[{"fileName":"CountryRepository.java","filePath":"testproj/src/main/java/testproj/app/server/repository/CountryRepository.java"}],"extendsClass":[{"fileName":"SearchInterfaceImpl.java","filePath":"testproj/src/main/java/testproj/app/server/repository/SearchInterfaceImpl.java","isDisplay":false}],"entities":{"fileName":"Country.java","filePath":"testproj/src/main/java/testproj/app/shared/location/Country.java"}}]}#appfire#I#appfire#DO52BHRQM7AGD4AIR579A#appfire#EFB6696D-A332-4E61-9F38-2A01E4E690FE#appfire#1#appfire#\N#appfire#2015-12-19 05:42:06#appfire#\N#appfire#2015-12-19 05:42:06#appfire#1#appfire#1#appfire#39796032-3035-4427-A15B-1AEEAE01CDE0
F02E7BCE-DAF9-4F62-A478-26CCD4E22680#appfire#UserRoleBridgeService#appfire#testproj.app.server.service.UserRoleBridgeService#appfire#{"resourceMapping":"/UserRoleBridge","defaultMethodType":"","defaultContentType":""}#appfire#{"repository":{"fileName":"UserRoleBridgeService.java","filePath":"testproj/src/main/java/testproj/app/server/service/UserRoleBridgeService.java"},"implementInterface":[],"extendsClass":[],"repositories":[{"repository":{"fileName":"UserRoleBridgeRepositoryImpl.java","filePath":"testproj/src/main/java/testproj/app/server/repository/UserRoleBridgeRepositoryImpl.java"},"implementInterface":[{"fileName":"UserRoleBridgeRepository.java","filePath":"testproj/src/main/java/testproj/app/server/repository/UserRoleBridgeRepository.java"}],"extendsClass":[{"fileName":"SearchInterfaceImpl.java","filePath":"testproj/src/main/java/testproj/app/server/repository/SearchInterfaceImpl.java","isDisplay":false}],"entities":{"fileName":"UserRoleBridge.java","filePath":"testproj/src/main/java/testproj/app/shared/authorization/UserRoleBridge.java"}}]}#appfire#I#appfire#DO52BHRQM7AGD4AIR579A#appfire#EFB6696D-A332-4E61-9F38-2A01E4E690FE#appfire#1#appfire#\N#appfire#2015-12-19 05:42:36#appfire#\N#appfire#2015-12-19 05:42:36#appfire#1#appfire#1#appfire#A3C39E8E-5C67-4F6D-9B8C-5FC9199432D7
F26C0B8E-F48F-46B8-A7B2-3F6E9416DA68#appfire#UserAccessDomainService#appfire#testproj.app.server.service.UserAccessDomainService#appfire#{"resourceMapping":"/UserAccessDomain","defaultMethodType":"","defaultContentType":""}#appfire#{"repository":{"fileName":"UserAccessDomainService.java","filePath":"testproj/src/main/java/testproj/app/server/service/UserAccessDomainService.java"},"implementInterface":[],"extendsClass":[],"repositories":[{"repository":{"fileName":"UserAccessDomainRepositoryImpl.java","filePath":"testproj/src/main/java/testproj/app/server/repository/UserAccessDomainRepositoryImpl.java"},"implementInterface":[{"fileName":"UserAccessDomainRepository.java","filePath":"testproj/src/main/java/testproj/app/server/repository/UserAccessDomainRepository.java"}],"extendsClass":[{"fileName":"SearchInterfaceImpl.java","filePath":"testproj/src/main/java/testproj/app/server/repository/SearchInterfaceImpl.java","isDisplay":false}],"entities":{"fileName":"UserAccessDomain.java","filePath":"testproj/src/main/java/testproj/app/shared/authentication/UserAccessDomain.java"}}]}#appfire#I#appfire#DO52BHRQM7AGD4AIR579A#appfire#EFB6696D-A332-4E61-9F38-2A01E4E690FE#appfire#1#appfire#\N#appfire#2015-12-19 05:42:22#appfire#\N#appfire#2015-12-19 05:42:22#appfire#1#appfire#1#appfire#E076B601-AC94-4140-9C19-2768F10F882D
FD3B847C-8131-4DEA-81E5-A80DE578C1EF#appfire#CityService#appfire#testproj.app.server.service.CityService#appfire#{"resourceMapping":"/City","defaultMethodType":"","defaultContentType":""}#appfire#{"repository":{"fileName":"CityService.java","filePath":"testproj/src/main/java/testproj/app/server/service/CityService.java"},"implementInterface":[],"extendsClass":[],"repositories":[{"repository":{"fileName":"CityRepositoryImpl.java","filePath":"testproj/src/main/java/testproj/app/server/repository/CityRepositoryImpl.java"},"implementInterface":[{"fileName":"CityRepository.java","filePath":"testproj/src/main/java/testproj/app/server/repository/CityRepository.java"}],"extendsClass":[{"fileName":"SearchInterfaceImpl.java","filePath":"testproj/src/main/java/testproj/app/server/repository/SearchInterfaceImpl.java","isDisplay":false}],"entities":{"fileName":"City.java","filePath":"testproj/src/main/java/testproj/app/shared/location/City.java"}}]}#appfire#I#appfire#DO52BHRQM7AGD4AIR579A#appfire#EFB6696D-A332-4E61-9F38-2A01E4E690FE#appfire#1#appfire#\N#appfire#2015-12-19 05:42:09#appfire#\N#appfire#2015-12-19 05:42:09#appfire#1#appfire#1#appfire#43BAD442-7291-4351-BA49-3EC51900B1DB
