00083877-8B5A-4B58-B4D9-74F25AD538FD#appfire#CountryService#appfire#com.app.server.service.CountryService#appfire#{"resourceMapping":"/Country","defaultMethodType":"","defaultContentType":""}#appfire#{"repository":{"fileName":"CountryService.java","filePath":"testp/src/main/java/com/app/server/service/CountryService.java"},"implementInterface":[],"extendsClass":[],"repositories":[{"repository":{"fileName":"CountryRepositoryImpl.java","filePath":"testp/src/main/java/com/app/server/repository/CountryRepositoryImpl.java"},"implementInterface":[{"fileName":"CountryRepository.java","filePath":"testp/src/main/java/com/app/server/repository/CountryRepository.java"}],"extendsClass":[{"fileName":"SearchInterfaceImpl.java","filePath":"testp/src/main/java/com/app/server/repository/SearchInterfaceImpl.java","isDisplay":false}],"entities":{"fileName":"Country.java","filePath":"testp/src/main/java/com/app/shared/location/Country.java"}}]}#appfire#I#appfire#NPIFHI41XCETEORPU8BA#appfire#ba9dced8-453e-49a3-b627-d497a1f91b17#appfire#1#appfire#\N#appfire#2015-12-21 06:20:50#appfire#\N#appfire#2015-12-21 06:20:50#appfire#1#appfire#1#appfire#987E3435-6DA9-468D-AEEC-21447ABD488C
0DB126D7-208D-4AF6-9D94-FE4269D21E28#appfire#TimezoneService#appfire#com.app.server.service.TimezoneService#appfire#{"resourceMapping":"/Timezone","defaultMethodType":"","defaultContentType":""}#appfire#{"repository":{"fileName":"TimezoneService.java","filePath":"testp/src/main/java/com/app/server/service/TimezoneService.java"},"implementInterface":[],"extendsClass":[],"repositories":[{"repository":{"fileName":"TimezoneRepositoryImpl.java","filePath":"testp/src/main/java/com/app/server/repository/TimezoneRepositoryImpl.java"},"implementInterface":[{"fileName":"TimezoneRepository.java","filePath":"testp/src/main/java/com/app/server/repository/TimezoneRepository.java"}],"extendsClass":[{"fileName":"SearchInterfaceImpl.java","filePath":"testp/src/main/java/com/app/server/repository/SearchInterfaceImpl.java","isDisplay":false}],"entities":{"fileName":"Timezone.java","filePath":"testp/src/main/java/com/app/shared/location/Timezone.java"}}]}#appfire#I#appfire#NPIFHI41XCETEORPU8BA#appfire#ba9dced8-453e-49a3-b627-d497a1f91b17#appfire#1#appfire#\N#appfire#2015-12-21 06:20:49#appfire#\N#appfire#2015-12-21 06:20:49#appfire#1#appfire#1#appfire#5C991D6D-3AB5-47FA-ADB0-D23577E80CB0
20F4AD6C-E93F-4485-B55D-B2E5F483E1BF#appfire#RolesService#appfire#com.app.server.service.RolesService#appfire#{"resourceMapping":"/Roles","defaultMethodType":"","defaultContentType":""}#appfire#{"repository":{"fileName":"RolesService.java","filePath":"testp/src/main/java/com/app/server/service/RolesService.java"},"implementInterface":[],"extendsClass":[],"repositories":[{"repository":{"fileName":"RolesRepositoryImpl.java","filePath":"testp/src/main/java/com/app/server/repository/RolesRepositoryImpl.java"},"implementInterface":[{"fileName":"RolesRepository.java","filePath":"testp/src/main/java/com/app/server/repository/RolesRepository.java"}],"extendsClass":[{"fileName":"SearchInterfaceImpl.java","filePath":"testp/src/main/java/com/app/server/repository/SearchInterfaceImpl.java","isDisplay":false}],"entities":{"fileName":"Roles.java","filePath":"testp/src/main/java/com/app/shared/authorization/Roles.java"}}]}#appfire#I#appfire#NPIFHI41XCETEORPU8BA#appfire#ba9dced8-453e-49a3-b627-d497a1f91b17#appfire#1#appfire#\N#appfire#2015-12-21 06:21:07#appfire#\N#appfire#2015-12-21 06:21:07#appfire#1#appfire#1#appfire#5A4BD327-B89D-472F-B0D1-68C9F3306616
219CD516-6422-486F-98C9-46FD4A51FCDF#appfire#TalukaService#appfire#com.app.server.service.TalukaService#appfire#{"resourceMapping":"/Taluka","defaultMethodType":"","defaultContentType":""}#appfire#{"repository":{"fileName":"TalukaService.java","filePath":"testp/src/main/java/com/app/server/service/TalukaService.java"},"implementInterface":[],"extendsClass":[],"repositories":[{"repository":{"fileName":"TalukaRepositoryImpl.java","filePath":"testp/src/main/java/com/app/server/repository/TalukaRepositoryImpl.java"},"implementInterface":[{"fileName":"TalukaRepository.java","filePath":"testp/src/main/java/com/app/server/repository/TalukaRepository.java"}],"extendsClass":[{"fileName":"SearchInterfaceImpl.java","filePath":"testp/src/main/java/com/app/server/repository/SearchInterfaceImpl.java","isDisplay":false}],"entities":{"fileName":"Taluka.java","filePath":"testp/src/main/java/com/app/shared/location/Taluka.java"}}]}#appfire#I#appfire#NPIFHI41XCETEORPU8BA#appfire#ba9dced8-453e-49a3-b627-d497a1f91b17#appfire#1#appfire#\N#appfire#2015-12-21 06:20:53#appfire#\N#appfire#2015-12-21 06:20:53#appfire#1#appfire#1#appfire#0B6F4E4F-FBFC-4F34-BCED-83EC10EDDB8A
261CCFEA-E444-4223-8F55-CDF19F84E2D3#appfire#CoreContactsService#appfire#com.app.server.service.CoreContactsService#appfire#{"resourceMapping":"/CoreContacts","defaultMethodType":"","defaultContentType":""}#appfire#{"repository":{"fileName":"CoreContactsService.java","filePath":"testp/src/main/java/com/app/server/service/CoreContactsService.java"},"implementInterface":[],"extendsClass":[],"repositories":[{"repository":{"fileName":"CoreContactsRepositoryImpl.java","filePath":"testp/src/main/java/com/app/server/repository/CoreContactsRepositoryImpl.java"},"implementInterface":[{"fileName":"CoreContactsRepository.java","filePath":"testp/src/main/java/com/app/server/repository/CoreContactsRepository.java"}],"extendsClass":[{"fileName":"SearchInterfaceImpl.java","filePath":"testp/src/main/java/com/app/server/repository/SearchInterfaceImpl.java","isDisplay":false}],"entities":{"fileName":"CoreContacts.java","filePath":"testp/src/main/java/com/app/shared/contacts/CoreContacts.java"}}]}#appfire#I#appfire#NPIFHI41XCETEORPU8BA#appfire#ba9dced8-453e-49a3-b627-d497a1f91b17#appfire#1#appfire#\N#appfire#2015-12-21 06:20:58#appfire#\N#appfire#2015-12-21 06:20:58#appfire#1#appfire#1#appfire#16588AC1-293C-4DC9-9DB2-A3CCA72ABD7F
2EB81BAD-4196-4C3F-A5EE-84B8548CE812#appfire#LanguageService#appfire#com.app.server.service.LanguageService#appfire#{"resourceMapping":"/Language","defaultMethodType":"","defaultContentType":""}#appfire#{"repository":{"fileName":"LanguageService.java","filePath":"testp/src/main/java/com/app/server/service/LanguageService.java"},"implementInterface":[],"extendsClass":[],"repositories":[{"repository":{"fileName":"LanguageRepositoryImpl.java","filePath":"testp/src/main/java/com/app/server/repository/LanguageRepositoryImpl.java"},"implementInterface":[{"fileName":"LanguageRepository.java","filePath":"testp/src/main/java/com/app/server/repository/LanguageRepository.java"}],"extendsClass":[{"fileName":"SearchInterfaceImpl.java","filePath":"testp/src/main/java/com/app/server/repository/SearchInterfaceImpl.java","isDisplay":false}],"entities":{"fileName":"Language.java","filePath":"testp/src/main/java/com/app/shared/location/Language.java"}}]}#appfire#I#appfire#NPIFHI41XCETEORPU8BA#appfire#ba9dced8-453e-49a3-b627-d497a1f91b17#appfire#1#appfire#\N#appfire#2015-12-21 06:20:49#appfire#\N#appfire#2015-12-21 06:20:49#appfire#1#appfire#1#appfire#C89767E8-05F6-4A2B-AAA0-5DABD4B34F90
374E8BFB-0849-4F4D-B8F2-2E8203FA953F#appfire#CityService#appfire#com.app.server.service.CityService#appfire#{"resourceMapping":"/City","defaultMethodType":"","defaultContentType":""}#appfire#{"repository":{"fileName":"CityService.java","filePath":"testp/src/main/java/com/app/server/service/CityService.java"},"implementInterface":[],"extendsClass":[],"repositories":[{"repository":{"fileName":"CityRepositoryImpl.java","filePath":"testp/src/main/java/com/app/server/repository/CityRepositoryImpl.java"},"implementInterface":[{"fileName":"CityRepository.java","filePath":"testp/src/main/java/com/app/server/repository/CityRepository.java"}],"extendsClass":[{"fileName":"SearchInterfaceImpl.java","filePath":"testp/src/main/java/com/app/server/repository/SearchInterfaceImpl.java","isDisplay":false}],"entities":{"fileName":"City.java","filePath":"testp/src/main/java/com/app/shared/location/City.java"}}]}#appfire#I#appfire#NPIFHI41XCETEORPU8BA#appfire#ba9dced8-453e-49a3-b627-d497a1f91b17#appfire#1#appfire#\N#appfire#2015-12-21 06:20:52#appfire#\N#appfire#2015-12-21 06:20:52#appfire#1#appfire#1#appfire#B0D5F5E1-663C-4743-BB68-D38826C6FAD9
3D3D889B-1528-4BA4-BAD2-65A7AC2EEA35#appfire#CommunicationTypeService#appfire#com.app.server.service.CommunicationTypeService#appfire#{"resourceMapping":"/CommunicationType","defaultMethodType":"","defaultContentType":""}#appfire#{"repository":{"fileName":"CommunicationTypeService.java","filePath":"testp/src/main/java/com/app/server/service/CommunicationTypeService.java"},"implementInterface":[],"extendsClass":[],"repositories":[{"repository":{"fileName":"CommunicationTypeRepositoryImpl.java","filePath":"testp/src/main/java/com/app/server/repository/CommunicationTypeRepositoryImpl.java"},"implementInterface":[{"fileName":"CommunicationTypeRepository.java","filePath":"testp/src/main/java/com/app/server/repository/CommunicationTypeRepository.java"}],"extendsClass":[{"fileName":"SearchInterfaceImpl.java","filePath":"testp/src/main/java/com/app/server/repository/SearchInterfaceImpl.java","isDisplay":false}],"entities":{"fileName":"CommunicationType.java","filePath":"testp/src/main/java/com/app/shared/contacts/CommunicationType.java"}}]}#appfire#I#appfire#NPIFHI41XCETEORPU8BA#appfire#ba9dced8-453e-49a3-b627-d497a1f91b17#appfire#1#appfire#\N#appfire#2015-12-21 06:20:57#appfire#\N#appfire#2015-12-21 06:20:57#appfire#1#appfire#1#appfire#D825CCBF-FBCC-4C5F-B0F5-E40BEB3CF368
3FDFDCBB-20CA-4D9E-9A05-D1E236C47922#appfire#ContactTypeService#appfire#com.app.server.service.ContactTypeService#appfire#{"resourceMapping":"/ContactType","defaultMethodType":"","defaultContentType":""}#appfire#{"repository":{"fileName":"ContactTypeService.java","filePath":"testp/src/main/java/com/app/server/service/ContactTypeService.java"},"implementInterface":[],"extendsClass":[],"repositories":[{"repository":{"fileName":"ContactTypeRepositoryImpl.java","filePath":"testp/src/main/java/com/app/server/repository/ContactTypeRepositoryImpl.java"},"implementInterface":[{"fileName":"ContactTypeRepository.java","filePath":"testp/src/main/java/com/app/server/repository/ContactTypeRepository.java"}],"extendsClass":[{"fileName":"SearchInterfaceImpl.java","filePath":"testp/src/main/java/com/app/server/repository/SearchInterfaceImpl.java","isDisplay":false}],"entities":{"fileName":"ContactType.java","filePath":"testp/src/main/java/com/app/shared/contacts/ContactType.java"}}]}#appfire#I#appfire#NPIFHI41XCETEORPU8BA#appfire#ba9dced8-453e-49a3-b627-d497a1f91b17#appfire#1#appfire#\N#appfire#2015-12-21 06:20:56#appfire#\N#appfire#2015-12-21 06:20:56#appfire#1#appfire#1#appfire#10BA2798-46EE-417A-8536-09A9C6B6FB43
47DF1E69-EAEE-49B9-9573-FC3E4F8959BB#appfire#AppMenusService#appfire#com.app.server.service.AppMenusService#appfire#{"resourceMapping":"/AppMenus","defaultMethodType":"","defaultContentType":""}#appfire#{"repository":{"fileName":"AppMenusService.java","filePath":"testp/src/main/java/com/app/server/service/AppMenusService.java"},"implementInterface":[],"extendsClass":[],"repositories":[{"repository":{"fileName":"AppMenusRepositoryImpl.java","filePath":"testp/src/main/java/com/app/server/repository/AppMenusRepositoryImpl.java"},"implementInterface":[{"fileName":"AppMenusRepository.java","filePath":"testp/src/main/java/com/app/server/repository/AppMenusRepository.java"}],"extendsClass":[{"fileName":"SearchInterfaceImpl.java","filePath":"testp/src/main/java/com/app/server/repository/SearchInterfaceImpl.java","isDisplay":false}],"entities":{"fileName":"AppMenus.java","filePath":"testp/src/main/java/com/app/shared/authorization/AppMenus.java"}}]}#appfire#I#appfire#NPIFHI41XCETEORPU8BA#appfire#ba9dced8-453e-49a3-b627-d497a1f91b17#appfire#1#appfire#\N#appfire#2015-12-21 06:21:08#appfire#\N#appfire#2015-12-21 06:21:08#appfire#1#appfire#1#appfire#FA94DB60-9A6B-4BDA-A827-3F2956B1605A
4B2C9205-239C-497D-BF49-7298333FA7E5#appfire#TitleService#appfire#com.app.server.service.TitleService#appfire#{"resourceMapping":"/Title","defaultMethodType":"","defaultContentType":""}#appfire#{"repository":{"fileName":"TitleService.java","filePath":"testp/src/main/java/com/app/server/service/TitleService.java"},"implementInterface":[],"extendsClass":[],"repositories":[{"repository":{"fileName":"TitleRepositoryImpl.java","filePath":"testp/src/main/java/com/app/server/repository/TitleRepositoryImpl.java"},"implementInterface":[{"fileName":"TitleRepository.java","filePath":"testp/src/main/java/com/app/server/repository/TitleRepository.java"}],"extendsClass":[{"fileName":"SearchInterfaceImpl.java","filePath":"testp/src/main/java/com/app/server/repository/SearchInterfaceImpl.java","isDisplay":false}],"entities":{"fileName":"Title.java","filePath":"testp/src/main/java/com/app/shared/contacts/Title.java"}}]}#appfire#I#appfire#NPIFHI41XCETEORPU8BA#appfire#ba9dced8-453e-49a3-b627-d497a1f91b17#appfire#1#appfire#\N#appfire#2015-12-21 06:20:57#appfire#\N#appfire#2015-12-21 06:20:57#appfire#1#appfire#1#appfire#91994086-D922-46F6-ADDE-8906BDFD5C0B
587549CE-6D91-4FC6-AEA6-348F72D46154#appfire#PasswordPolicyService#appfire#com.app.server.service.PasswordPolicyService#appfire#{"resourceMapping":"/PasswordPolicy","defaultMethodType":"","defaultContentType":""}#appfire#{"repository":{"fileName":"PasswordPolicyService.java","filePath":"testp/src/main/java/com/app/server/service/PasswordPolicyService.java"},"implementInterface":[],"extendsClass":[],"repositories":[{"repository":{"fileName":"PasswordPolicyRepositoryImpl.java","filePath":"testp/src/main/java/com/app/server/repository/PasswordPolicyRepositoryImpl.java"},"implementInterface":[{"fileName":"PasswordPolicyRepository.java","filePath":"testp/src/main/java/com/app/server/repository/PasswordPolicyRepository.java"}],"extendsClass":[{"fileName":"SearchInterfaceImpl.java","filePath":"testp/src/main/java/com/app/server/repository/SearchInterfaceImpl.java","isDisplay":false}],"entities":{"fileName":"PasswordPolicy.java","filePath":"testp/src/main/java/com/app/shared/authentication/PasswordPolicy.java"}}]}#appfire#I#appfire#NPIFHI41XCETEORPU8BA#appfire#ba9dced8-453e-49a3-b627-d497a1f91b17#appfire#1#appfire#\N#appfire#2015-12-21 06:21:00#appfire#\N#appfire#2015-12-21 06:21:00#appfire#1#appfire#1#appfire#51121719-DD44-462E-97D5-7597E2C64089
6EB7A2A0-C494-4780-8605-5D0BB653539A#appfire#DistrictService#appfire#com.app.server.service.DistrictService#appfire#{"resourceMapping":"/District","defaultMethodType":"","defaultContentType":""}#appfire#{"repository":{"fileName":"DistrictService.java","filePath":"testp/src/main/java/com/app/server/service/DistrictService.java"},"implementInterface":[],"extendsClass":[],"repositories":[{"repository":{"fileName":"DistrictRepositoryImpl.java","filePath":"testp/src/main/java/com/app/server/repository/DistrictRepositoryImpl.java"},"implementInterface":[{"fileName":"DistrictRepository.java","filePath":"testp/src/main/java/com/app/server/repository/DistrictRepository.java"}],"extendsClass":[{"fileName":"SearchInterfaceImpl.java","filePath":"testp/src/main/java/com/app/server/repository/SearchInterfaceImpl.java","isDisplay":false}],"entities":{"fileName":"District.java","filePath":"testp/src/main/java/com/app/shared/location/District.java"}}]}#appfire#I#appfire#NPIFHI41XCETEORPU8BA#appfire#ba9dced8-453e-49a3-b627-d497a1f91b17#appfire#1#appfire#\N#appfire#2015-12-21 06:20:52#appfire#\N#appfire#2015-12-21 06:20:52#appfire#1#appfire#1#appfire#72D6CC76-CA9D-4EB7-9FA4-1FE51D55D0D4
8A65D0DB-31E2-49F0-8EC7-5917EAFFE9A1#appfire#LoginService#appfire#com.app.server.service.LoginService#appfire#{"resourceMapping":"/Login","defaultMethodType":"","defaultContentType":""}#appfire#{"repository":{"fileName":"LoginService.java","filePath":"testp/src/main/java/com/app/server/service/LoginService.java"},"implementInterface":[],"extendsClass":[],"repositories":[{"repository":{"fileName":"LoginRepositoryImpl.java","filePath":"testp/src/main/java/com/app/server/repository/LoginRepositoryImpl.java"},"implementInterface":[{"fileName":"LoginRepository.java","filePath":"testp/src/main/java/com/app/server/repository/LoginRepository.java"}],"extendsClass":[{"fileName":"SearchInterfaceImpl.java","filePath":"testp/src/main/java/com/app/server/repository/SearchInterfaceImpl.java","isDisplay":false}],"entities":{"fileName":"Login.java","filePath":"testp/src/main/java/com/app/shared/authentication/Login.java"}}]}#appfire#I#appfire#NPIFHI41XCETEORPU8BA#appfire#ba9dced8-453e-49a3-b627-d497a1f91b17#appfire#1#appfire#\N#appfire#2015-12-21 06:21:04#appfire#\N#appfire#2015-12-21 06:21:04#appfire#1#appfire#1#appfire#A6BCE38A-8492-4AFB-8FBE-99F5D0F1A9D6
8C1A6E63-A7BD-4140-9B19-E35F58929BCD#appfire#UserAccessLevelService#appfire#com.app.server.service.UserAccessLevelService#appfire#{"resourceMapping":"/UserAccessLevel","defaultMethodType":"","defaultContentType":""}#appfire#{"repository":{"fileName":"UserAccessLevelService.java","filePath":"testp/src/main/java/com/app/server/service/UserAccessLevelService.java"},"implementInterface":[],"extendsClass":[],"repositories":[{"repository":{"fileName":"UserAccessLevelRepositoryImpl.java","filePath":"testp/src/main/java/com/app/server/repository/UserAccessLevelRepositoryImpl.java"},"implementInterface":[{"fileName":"UserAccessLevelRepository.java","filePath":"testp/src/main/java/com/app/server/repository/UserAccessLevelRepository.java"}],"extendsClass":[{"fileName":"SearchInterfaceImpl.java","filePath":"testp/src/main/java/com/app/server/repository/SearchInterfaceImpl.java","isDisplay":false}],"entities":{"fileName":"UserAccessLevel.java","filePath":"testp/src/main/java/com/app/shared/authentication/UserAccessLevel.java"}}]}#appfire#I#appfire#NPIFHI41XCETEORPU8BA#appfire#ba9dced8-453e-49a3-b627-d497a1f91b17#appfire#1#appfire#\N#appfire#2015-12-21 06:21:01#appfire#\N#appfire#2015-12-21 06:21:01#appfire#1#appfire#1#appfire#D2CAAD79-D092-4788-93FD-03335564B5D5
9DA7B483-1707-4C65-B194-C550CB3D2E54#appfire#AddressService#appfire#com.app.server.service.AddressService#appfire#{"resourceMapping":"/Address","defaultMethodType":"","defaultContentType":""}#appfire#{"repository":{"fileName":"AddressService.java","filePath":"testp/src/main/java/com/app/server/service/AddressService.java"},"implementInterface":[],"extendsClass":[],"repositories":[{"repository":{"fileName":"AddressRepositoryImpl.java","filePath":"testp/src/main/java/com/app/server/repository/AddressRepositoryImpl.java"},"implementInterface":[{"fileName":"AddressRepository.java","filePath":"testp/src/main/java/com/app/server/repository/AddressRepository.java"}],"extendsClass":[{"fileName":"SearchInterfaceImpl.java","filePath":"testp/src/main/java/com/app/server/repository/SearchInterfaceImpl.java","isDisplay":false}],"entities":{"fileName":"Address.java","filePath":"testp/src/main/java/com/app/shared/location/Address.java"}}]}#appfire#I#appfire#NPIFHI41XCETEORPU8BA#appfire#ba9dced8-453e-49a3-b627-d497a1f91b17#appfire#1#appfire#\N#appfire#2015-12-21 06:20:55#appfire#\N#appfire#2015-12-21 06:20:55#appfire#1#appfire#1#appfire#A0A219FE-0721-4F93-93B8-176889F4E899
A7FEDF67-A803-4DC4-A52A-17041D07C7A8#appfire#PasswordAlgoService#appfire#com.app.server.service.PasswordAlgoService#appfire#{"resourceMapping":"/PasswordAlgo","defaultMethodType":"","defaultContentType":""}#appfire#{"repository":{"fileName":"PasswordAlgoService.java","filePath":"testp/src/main/java/com/app/server/service/PasswordAlgoService.java"},"implementInterface":[],"extendsClass":[],"repositories":[{"repository":{"fileName":"PasswordAlgoRepositoryImpl.java","filePath":"testp/src/main/java/com/app/server/repository/PasswordAlgoRepositoryImpl.java"},"implementInterface":[{"fileName":"PasswordAlgoRepository.java","filePath":"testp/src/main/java/com/app/server/repository/PasswordAlgoRepository.java"}],"extendsClass":[{"fileName":"SearchInterfaceImpl.java","filePath":"testp/src/main/java/com/app/server/repository/SearchInterfaceImpl.java","isDisplay":false}],"entities":{"fileName":"PasswordAlgo.java","filePath":"testp/src/main/java/com/app/shared/authentication/PasswordAlgo.java"}}]}#appfire#I#appfire#NPIFHI41XCETEORPU8BA#appfire#ba9dced8-453e-49a3-b627-d497a1f91b17#appfire#1#appfire#\N#appfire#2015-12-21 06:21:00#appfire#\N#appfire#2015-12-21 06:21:00#appfire#1#appfire#1#appfire#8B91E888-E05C-4E8C-A83E-114B3889093F
BC0EC343-988D-4499-A583-0C5AB985570B#appfire#UserRoleBridgeService#appfire#com.app.server.service.UserRoleBridgeService#appfire#{"resourceMapping":"/UserRoleBridge","defaultMethodType":"","defaultContentType":""}#appfire#{"repository":{"fileName":"UserRoleBridgeService.java","filePath":"testp/src/main/java/com/app/server/service/UserRoleBridgeService.java"},"implementInterface":[],"extendsClass":[],"repositories":[{"repository":{"fileName":"UserRoleBridgeRepositoryImpl.java","filePath":"testp/src/main/java/com/app/server/repository/UserRoleBridgeRepositoryImpl.java"},"implementInterface":[{"fileName":"UserRoleBridgeRepository.java","filePath":"testp/src/main/java/com/app/server/repository/UserRoleBridgeRepository.java"}],"extendsClass":[{"fileName":"SearchInterfaceImpl.java","filePath":"testp/src/main/java/com/app/server/repository/SearchInterfaceImpl.java","isDisplay":false}],"entities":{"fileName":"UserRoleBridge.java","filePath":"testp/src/main/java/com/app/shared/authorization/UserRoleBridge.java"}}]}#appfire#I#appfire#NPIFHI41XCETEORPU8BA#appfire#ba9dced8-453e-49a3-b627-d497a1f91b17#appfire#1#appfire#\N#appfire#2015-12-21 06:21:09#appfire#\N#appfire#2015-12-21 06:21:09#appfire#1#appfire#1#appfire#F5ACDB27-E53B-42D6-AB2A-61BF3E6AD4C2
C1B7F573-11B2-4E32-BEB4-4E9FF593CE7F#appfire#AppCustomerTypeService#appfire#com.app.server.service.AppCustomerTypeService#appfire#{"resourceMapping":"/AppCustomerType","defaultMethodType":"","defaultContentType":""}#appfire#{"repository":{"fileName":"AppCustomerTypeService.java","filePath":"testp/src/main/java/com/app/server/service/AppCustomerTypeService.java"},"implementInterface":[],"extendsClass":[],"repositories":[{"repository":{"fileName":"AppCustomerTypeRepositoryImpl.java","filePath":"testp/src/main/java/com/app/server/repository/AppCustomerTypeRepositoryImpl.java"},"implementInterface":[{"fileName":"AppCustomerTypeRepository.java","filePath":"testp/src/main/java/com/app/server/repository/AppCustomerTypeRepository.java"}],"extendsClass":[{"fileName":"SearchInterfaceImpl.java","filePath":"testp/src/main/java/com/app/server/repository/SearchInterfaceImpl.java","isDisplay":false}],"entities":{"fileName":"AppCustomerType.java","filePath":"testp/src/main/java/com/app/shared/customers/AppCustomerType.java"}}]}#appfire#I#appfire#NPIFHI41XCETEORPU8BA#appfire#ba9dced8-453e-49a3-b627-d497a1f91b17#appfire#1#appfire#\N#appfire#2015-12-21 06:21:09#appfire#\N#appfire#2015-12-21 06:21:09#appfire#1#appfire#1#appfire#C0B47EEB-C747-4C2C-8AC8-76974B10B517
D2BF9A41-748C-4829-B6D2-EAB763ADE9D1#appfire#AddressTypeService#appfire#com.app.server.service.AddressTypeService#appfire#{"resourceMapping":"/AddressType","defaultMethodType":"","defaultContentType":""}#appfire#{"repository":{"fileName":"AddressTypeService.java","filePath":"testp/src/main/java/com/app/server/service/AddressTypeService.java"},"implementInterface":[],"extendsClass":[],"repositories":[{"repository":{"fileName":"AddressTypeRepositoryImpl.java","filePath":"testp/src/main/java/com/app/server/repository/AddressTypeRepositoryImpl.java"},"implementInterface":[{"fileName":"AddressTypeRepository.java","filePath":"testp/src/main/java/com/app/server/repository/AddressTypeRepository.java"}],"extendsClass":[{"fileName":"SearchInterfaceImpl.java","filePath":"testp/src/main/java/com/app/server/repository/SearchInterfaceImpl.java","isDisplay":false}],"entities":{"fileName":"AddressType.java","filePath":"testp/src/main/java/com/app/shared/location/AddressType.java"}}]}#appfire#I#appfire#NPIFHI41XCETEORPU8BA#appfire#ba9dced8-453e-49a3-b627-d497a1f91b17#appfire#1#appfire#\N#appfire#2015-12-21 06:20:55#appfire#\N#appfire#2015-12-21 06:20:55#appfire#1#appfire#1#appfire#CEC85395-70D6-4A6C-91CA-0171F5E8FFC4
D426D01A-4924-4745-B3E9-AB2E3DC40F70#appfire#QuestionService#appfire#com.app.server.service.QuestionService#appfire#{"resourceMapping":"/Question","defaultMethodType":"","defaultContentType":""}#appfire#{"repository":{"fileName":"QuestionService.java","filePath":"testp/src/main/java/com/app/server/service/QuestionService.java"},"implementInterface":[],"extendsClass":[],"repositories":[{"repository":{"fileName":"QuestionRepositoryImpl.java","filePath":"testp/src/main/java/com/app/server/repository/QuestionRepositoryImpl.java"},"implementInterface":[{"fileName":"QuestionRepository.java","filePath":"testp/src/main/java/com/app/server/repository/QuestionRepository.java"}],"extendsClass":[{"fileName":"SearchInterfaceImpl.java","filePath":"testp/src/main/java/com/app/server/repository/SearchInterfaceImpl.java","isDisplay":false}],"entities":{"fileName":"Question.java","filePath":"testp/src/main/java/com/app/shared/authentication/Question.java"}}]}#appfire#I#appfire#NPIFHI41XCETEORPU8BA#appfire#ba9dced8-453e-49a3-b627-d497a1f91b17#appfire#1#appfire#\N#appfire#2015-12-21 06:21:00#appfire#\N#appfire#2015-12-21 06:21:00#appfire#1#appfire#1#appfire#FECF6D9F-AF90-40A4-A237-E172507B548B
DF28265D-AAA6-46B2-8F3B-472CA7ECFFC9#appfire#StateService#appfire#com.app.server.service.StateService#appfire#{"resourceMapping":"/State","defaultMethodType":"","defaultContentType":""}#appfire#{"repository":{"fileName":"StateService.java","filePath":"testp/src/main/java/com/app/server/service/StateService.java"},"implementInterface":[],"extendsClass":[],"repositories":[{"repository":{"fileName":"StateRepositoryImpl.java","filePath":"testp/src/main/java/com/app/server/repository/StateRepositoryImpl.java"},"implementInterface":[{"fileName":"StateRepository.java","filePath":"testp/src/main/java/com/app/server/repository/StateRepository.java"}],"extendsClass":[{"fileName":"SearchInterfaceImpl.java","filePath":"testp/src/main/java/com/app/server/repository/SearchInterfaceImpl.java","isDisplay":false}],"entities":{"fileName":"State.java","filePath":"testp/src/main/java/com/app/shared/location/State.java"}}]}#appfire#I#appfire#NPIFHI41XCETEORPU8BA#appfire#ba9dced8-453e-49a3-b627-d497a1f91b17#appfire#1#appfire#\N#appfire#2015-12-21 06:20:50#appfire#\N#appfire#2015-12-21 06:20:50#appfire#1#appfire#1#appfire#DE81B0A5-8EDE-4EBA-B0BA-32E1C0251CD0
E1D05ED7-3F2A-4AA6-9BC6-7D74550A1A06#appfire#AppCustomerService#appfire#com.app.server.service.AppCustomerService#appfire#{"resourceMapping":"/AppCustomer","defaultMethodType":"","defaultContentType":""}#appfire#{"repository":{"fileName":"AppCustomerService.java","filePath":"testp/src/main/java/com/app/server/service/AppCustomerService.java"},"implementInterface":[],"extendsClass":[],"repositories":[{"repository":{"fileName":"AppCustomerRepositoryImpl.java","filePath":"testp/src/main/java/com/app/server/repository/AppCustomerRepositoryImpl.java"},"implementInterface":[{"fileName":"AppCustomerRepository.java","filePath":"testp/src/main/java/com/app/server/repository/AppCustomerRepository.java"}],"extendsClass":[{"fileName":"SearchInterfaceImpl.java","filePath":"testp/src/main/java/com/app/server/repository/SearchInterfaceImpl.java","isDisplay":false}],"entities":{"fileName":"AppCustomer.java","filePath":"testp/src/main/java/com/app/shared/customers/AppCustomer.java"}}]}#appfire#I#appfire#NPIFHI41XCETEORPU8BA#appfire#ba9dced8-453e-49a3-b627-d497a1f91b17#appfire#1#appfire#\N#appfire#2015-12-21 06:21:10#appfire#\N#appfire#2015-12-21 06:21:10#appfire#1#appfire#1#appfire#A3AC0D2A-4154-41B1-96AF-F2C845B5268C
E571BFC2-DCFD-441B-A277-C5FFE1AD2AEA#appfire#CommunicationGroupService#appfire#com.app.server.service.CommunicationGroupService#appfire#{"resourceMapping":"/CommunicationGroup","defaultMethodType":"","defaultContentType":""}#appfire#{"repository":{"fileName":"CommunicationGroupService.java","filePath":"testp/src/main/java/com/app/server/service/CommunicationGroupService.java"},"implementInterface":[],"extendsClass":[],"repositories":[{"repository":{"fileName":"CommunicationGroupRepositoryImpl.java","filePath":"testp/src/main/java/com/app/server/repository/CommunicationGroupRepositoryImpl.java"},"implementInterface":[{"fileName":"CommunicationGroupRepository.java","filePath":"testp/src/main/java/com/app/server/repository/CommunicationGroupRepository.java"}],"extendsClass":[{"fileName":"SearchInterfaceImpl.java","filePath":"testp/src/main/java/com/app/server/repository/SearchInterfaceImpl.java","isDisplay":false}],"entities":{"fileName":"CommunicationGroup.java","filePath":"testp/src/main/java/com/app/shared/contacts/CommunicationGroup.java"}}]}#appfire#I#appfire#NPIFHI41XCETEORPU8BA#appfire#ba9dced8-453e-49a3-b627-d497a1f91b17#appfire#1#appfire#\N#appfire#2015-12-21 06:20:56#appfire#\N#appfire#2015-12-21 06:20:56#appfire#1#appfire#1#appfire#D03FEA15-1F47-49AD-84B9-8D324BBD3442
E9E6A7AF-83FF-48C2-AE4E-90E83C8C8D4F#appfire#AppCustomerCategoryService#appfire#com.app.server.service.AppCustomerCategoryService#appfire#{"resourceMapping":"/AppCustomerCategory","defaultMethodType":"","defaultContentType":""}#appfire#{"repository":{"fileName":"AppCustomerCategoryService.java","filePath":"testp/src/main/java/com/app/server/service/AppCustomerCategoryService.java"},"implementInterface":[],"extendsClass":[],"repositories":[{"repository":{"fileName":"AppCustomerCategoryRepositoryImpl.java","filePath":"testp/src/main/java/com/app/server/repository/AppCustomerCategoryRepositoryImpl.java"},"implementInterface":[{"fileName":"AppCustomerCategoryRepository.java","filePath":"testp/src/main/java/com/app/server/repository/AppCustomerCategoryRepository.java"}],"extendsClass":[{"fileName":"SearchInterfaceImpl.java","filePath":"testp/src/main/java/com/app/server/repository/SearchInterfaceImpl.java","isDisplay":false}],"entities":{"fileName":"AppCustomerCategory.java","filePath":"testp/src/main/java/com/app/shared/customers/AppCustomerCategory.java"}}]}#appfire#I#appfire#NPIFHI41XCETEORPU8BA#appfire#ba9dced8-453e-49a3-b627-d497a1f91b17#appfire#1#appfire#\N#appfire#2015-12-21 06:21:10#appfire#\N#appfire#2015-12-21 06:21:10#appfire#1#appfire#1#appfire#2BBDE3D9-F3F6-4054-ACDA-3F86466F6188
ED72F8DB-B308-4558-A5FD-91B38E17DE17#appfire#UserAccessDomainService#appfire#com.app.server.service.UserAccessDomainService#appfire#{"resourceMapping":"/UserAccessDomain","defaultMethodType":"","defaultContentType":""}#appfire#{"repository":{"fileName":"UserAccessDomainService.java","filePath":"testp/src/main/java/com/app/server/service/UserAccessDomainService.java"},"implementInterface":[],"extendsClass":[],"repositories":[{"repository":{"fileName":"UserAccessDomainRepositoryImpl.java","filePath":"testp/src/main/java/com/app/server/repository/UserAccessDomainRepositoryImpl.java"},"implementInterface":[{"fileName":"UserAccessDomainRepository.java","filePath":"testp/src/main/java/com/app/server/repository/UserAccessDomainRepository.java"}],"extendsClass":[{"fileName":"SearchInterfaceImpl.java","filePath":"testp/src/main/java/com/app/server/repository/SearchInterfaceImpl.java","isDisplay":false}],"entities":{"fileName":"UserAccessDomain.java","filePath":"testp/src/main/java/com/app/shared/authentication/UserAccessDomain.java"}}]}#appfire#I#appfire#NPIFHI41XCETEORPU8BA#appfire#ba9dced8-453e-49a3-b627-d497a1f91b17#appfire#1#appfire#\N#appfire#2015-12-21 06:21:01#appfire#\N#appfire#2015-12-21 06:21:01#appfire#1#appfire#1#appfire#3FF986D6-9B23-44CF-907B-8740FD81EFF0
EFFDDDDC-79F7-4B04-B1EF-57F01DDFAA3D#appfire#VillageService#appfire#com.app.server.service.VillageService#appfire#{"resourceMapping":"/Village","defaultMethodType":"","defaultContentType":""}#appfire#{"repository":{"fileName":"VillageService.java","filePath":"testp/src/main/java/com/app/server/service/VillageService.java"},"implementInterface":[],"extendsClass":[],"repositories":[{"repository":{"fileName":"VillageRepositoryImpl.java","filePath":"testp/src/main/java/com/app/server/repository/VillageRepositoryImpl.java"},"implementInterface":[{"fileName":"VillageRepository.java","filePath":"testp/src/main/java/com/app/server/repository/VillageRepository.java"}],"extendsClass":[{"fileName":"SearchInterfaceImpl.java","filePath":"testp/src/main/java/com/app/server/repository/SearchInterfaceImpl.java","isDisplay":false}],"entities":{"fileName":"Village.java","filePath":"testp/src/main/java/com/app/shared/location/Village.java"}}]}#appfire#I#appfire#NPIFHI41XCETEORPU8BA#appfire#ba9dced8-453e-49a3-b627-d497a1f91b17#appfire#1#appfire#\N#appfire#2015-12-21 06:20:54#appfire#\N#appfire#2015-12-21 06:20:54#appfire#1#appfire#1#appfire#5881E88B-8A49-4CFE-BBE3-2F03D37E714C
F264A670-CB03-4A94-9F8F-405349F89219#appfire#RegionService#appfire#com.app.server.service.RegionService#appfire#{"resourceMapping":"/Region","defaultMethodType":"","defaultContentType":""}#appfire#{"repository":{"fileName":"RegionService.java","filePath":"testp/src/main/java/com/app/server/service/RegionService.java"},"implementInterface":[],"extendsClass":[],"repositories":[{"repository":{"fileName":"RegionRepositoryImpl.java","filePath":"testp/src/main/java/com/app/server/repository/RegionRepositoryImpl.java"},"implementInterface":[{"fileName":"RegionRepository.java","filePath":"testp/src/main/java/com/app/server/repository/RegionRepository.java"}],"extendsClass":[{"fileName":"SearchInterfaceImpl.java","filePath":"testp/src/main/java/com/app/server/repository/SearchInterfaceImpl.java","isDisplay":false}],"entities":{"fileName":"Region.java","filePath":"testp/src/main/java/com/app/shared/location/Region.java"}}]}#appfire#I#appfire#NPIFHI41XCETEORPU8BA#appfire#ba9dced8-453e-49a3-b627-d497a1f91b17#appfire#1#appfire#\N#appfire#2015-12-21 06:20:51#appfire#\N#appfire#2015-12-21 06:20:51#appfire#1#appfire#1#appfire#6CDBBC46-821F-4801-8B0E-140595C6AECB
F974FF7A-617D-414F-9C5F-F08EB038DAB1#appfire#CurrencyService#appfire#com.app.server.service.CurrencyService#appfire#{"resourceMapping":"/Currency","defaultMethodType":"","defaultContentType":""}#appfire#{"repository":{"fileName":"CurrencyService.java","filePath":"testp/src/main/java/com/app/server/service/CurrencyService.java"},"implementInterface":[],"extendsClass":[],"repositories":[{"repository":{"fileName":"CurrencyRepositoryImpl.java","filePath":"testp/src/main/java/com/app/server/repository/CurrencyRepositoryImpl.java"},"implementInterface":[{"fileName":"CurrencyRepository.java","filePath":"testp/src/main/java/com/app/server/repository/CurrencyRepository.java"}],"extendsClass":[{"fileName":"SearchInterfaceImpl.java","filePath":"testp/src/main/java/com/app/server/repository/SearchInterfaceImpl.java","isDisplay":false}],"entities":{"fileName":"Currency.java","filePath":"testp/src/main/java/com/app/shared/location/Currency.java"}}]}#appfire#I#appfire#NPIFHI41XCETEORPU8BA#appfire#ba9dced8-453e-49a3-b627-d497a1f91b17#appfire#1#appfire#\N#appfire#2015-12-21 06:20:50#appfire#\N#appfire#2015-12-21 06:20:50#appfire#1#appfire#1#appfire#93105DA4-C134-4D61-B3AA-0948A355F6E0
FC45BB1B-4801-41AA-ADC4-071C2B53AB4A#appfire#GenderService#appfire#com.app.server.service.GenderService#appfire#{"resourceMapping":"/Gender","defaultMethodType":"","defaultContentType":""}#appfire#{"repository":{"fileName":"GenderService.java","filePath":"testp/src/main/java/com/app/server/service/GenderService.java"},"implementInterface":[],"extendsClass":[],"repositories":[{"repository":{"fileName":"GenderRepositoryImpl.java","filePath":"testp/src/main/java/com/app/server/repository/GenderRepositoryImpl.java"},"implementInterface":[{"fileName":"GenderRepository.java","filePath":"testp/src/main/java/com/app/server/repository/GenderRepository.java"}],"extendsClass":[{"fileName":"SearchInterfaceImpl.java","filePath":"testp/src/main/java/com/app/server/repository/SearchInterfaceImpl.java","isDisplay":false}],"entities":{"fileName":"Gender.java","filePath":"testp/src/main/java/com/app/shared/contacts/Gender.java"}}]}#appfire#I#appfire#NPIFHI41XCETEORPU8BA#appfire#ba9dced8-453e-49a3-b627-d497a1f91b17#appfire#1#appfire#\N#appfire#2015-12-21 06:20:57#appfire#\N#appfire#2015-12-21 06:20:57#appfire#1#appfire#1#appfire#6549A722-39FE-4067-9CCD-861D05E67B4B
